[
  {
    "id": 1672531200000,
    "title": "Tech Giants Unveil Groundbreaking AI for Climate Change",
    "summary": "A new collaboration between major tech firms has resulted in an advanced AI model capable of predicting climate patterns with unprecedented accuracy.",
    "content": "<p>In a landmark announcement today, a consortium of leading technology companies revealed 'Gaia-AI', a revolutionary artificial intelligence model designed to tackle climate change. The model processes petabytes of satellite, oceanic, and atmospheric data in real-time to generate highly accurate climate forecasts.</p><p>Experts believe Gaia-AI could be a game-changer for disaster preparedness, agricultural planning, and renewable energy optimization. 'We are no longer just reacting to climate change; we are starting to proactively manage its effects,' said Dr. Elena Vance, lead scientist on the project.</p><h3>Key Capabilities:</h3><ul><li>Predicts extreme weather events up to 3 weeks in advance.</li><li>Identifies optimal locations for wind and solar farm placement.</li><li>Simulates the long-term impact of carbon reduction policies.</li></ul><p>The project's data and core algorithms will be made open-source to encourage global collaboration among scientists and policymakers.</p>",
    "thumbnail": "https://images.unsplash.com/photo-1674027444485-cec3da58eef4?q=80&w=1932&auto=format&fit=crop",
    "tags": ["tech", "ai", "climate", "science"],
    "date": "2024-05-21"
  },
  {
    "id": 1672617600000,
    "title": "Global Markets Respond to New Economic Policies",
    "summary": "Stock markets around the world saw a volatile session today following the announcement of new international trade agreements and economic policies.",
    "content": "<p>Investors are cautiously optimistic after a whirlwind day on the global markets. The newly signed 'Trans-Global Trade Pact' aims to reduce tariffs on over 5,000 goods, but has raised concerns about its impact on local industries.</p><p>The Dow Jones Industrial Average closed up 0.5%, while the FTSE 100 in London experienced a slight dip. Analysts are watching the currency markets closely, particularly the exchange rate between the US Dollar and the Euro. 'The next 48 hours will be critical in determining the market's long-term direction,' stated financial analyst Marcus Thorne.</p>",
    "thumbnail": "https://images.unsplash.com/photo-1611974789855-9c2a0a7236a3?q=80&w=2070&auto=format&fit=crop",
    "tags": ["business", "finance", "economy", "world"],
    "date": "2024-05-20"
  },
  {
    "id": 1672704000000,
    "title": "The Future of Urban Transportation: Are Flying Taxis Next?",
    "summary": "Several startups are racing to get certified flying taxis into our cities, promising to revolutionize urban commutes and reduce traffic congestion.",
    "content": "<p>Forget traffic jams. The future of your daily commute might be in the sky. Companies like 'AeroGlide' and 'UrbanLift' are in the final stages of testing their electric vertical take-off and landing (eVTOL) vehicles. These 'flying taxis' are quiet, efficient, and designed for short-distance urban travel.</p><p>However, significant hurdles remain, including regulatory approval from aviation authorities, building public trust, and creating the necessary infrastructure like 'vertiports'. Proponents argue that the benefits—slashed commute times and reduced ground-level pollution—far outweigh the challenges.</p>",
    "thumbnail": "https://images.unsplash.com/photo-1570129477492-45c003edd2e0?q=80&w=2070&auto=format&fit=crop",
    "tags": ["tech", "future", "transportation", "cities"],
    "date": "2024-05-19"
  },
  {
    "id": 1672790400000,
    "title": "Health & Wellness: The Rise of Personalized Nutrition",
    "summary": "New startups are leveraging DNA testing and AI to provide ultra-personalized diet plans, moving beyond one-size-fits-all advice.",
    "content": "<p>The era of generic diet advice may be coming to an end. A new wave of health-tech companies is using at-home DNA test kits and sophisticated AI algorithms to create nutrition and fitness plans tailored to an individual's genetic makeup.</p><p>These services analyze genetic markers related to metabolism, nutrient processing, and food sensitivities. Subscribers receive detailed reports and daily meal suggestions through a mobile app. 'We're giving people the tools to eat for their unique biology,' says Sarah Jenkins, CEO of NutriGen. While critics call for more peer-reviewed research, early adopters have reported significant improvements in energy levels and overall well-being.</p>",
    "thumbnail": "https://images.unsplash.com/photo-1498837167922-ddd27525d352?q=80&w=2070&auto=format&fit=crop",
    "tags": ["health", "wellness", "tech", "food"],
    "date": "2024-05-18"
  }
]